timestamp,node,type,status,counter,rssi,snr,gw_ms
2026-10-04T20:19:53.183Z,FIRE01,fire,SAFE,168,-88,8.5,151652
2026-10-04T20:19:55.711Z,NODE1,landslide,SAFE,65,-60,10.25,154163
2026-10-04T20:19:58.238Z,FIRE01,fire,SAFE,169,-88,7.5,156708
2026-10-04T20:20:03.135Z,FIRE01,fire,SAFE,170,-88,7.25,161603
2026-10-04T20:20:04.302Z,NODE1,landslide,SAFE,66,-60,10,162754
2026-10-04T20:20:07.679Z,FIRE01,fire,SAFE,171,-88,7.5,166148
2026-10-04T20:20:11.852Z,NODE1,landslide,SAFE,67,-60,10,170290
2026-10-04T20:20:16.337Z,FIRE01,fire,SAFE,173,-88,8,174808
2026-10-04T20:20:19.375Z,NODE1,landslide,SAFE,68,-61,9.5,177826
2026-10-04T20:20:21.083Z,FIRE01,fire,SAFE,174,-88,7.5,179554
2026-10-04T20:20:25.420Z,FIRE01,fire,SAFE,175,-88,7.75,183862
2026-10-04T20:20:26.910Z,NODE1,landslide,SAFE,69,-61,10.75,185363
2026-10-04T20:20:30.184Z,FIRE01,fire,SAFE,176,-87,8.25,188655
2026-10-04T20:20:34.467Z,NODE1,landslide,DANGER,70,-60,10.5,192919
2026-10-04T20:20:35.045Z,FIRE01,fire,SAFE,177,-88,7.75,193516
2026-10-04T20:20:40.139Z,FIRE01,fire,SAFE,178,-88,8,198592
2026-10-04T20:20:42.023Z,NODE1,landslide,WARNING,71,-60,10,200475
2026-10-04T20:20:45.112Z,FIRE01,fire,SAFE,179,-88,7.75,203556
2026-10-04T20:20:49.632Z,NODE1,landslide,WARNING,72,-61,9.25,208031
2026-10-04T20:20:50.137Z,FIRE01,fire,SAFE,180,-88,7.75,208600
2026-10-04T20:20:54.797Z,FIRE01,fire,SAFE,181,-89,7.5,213260
2026-10-04T20:20:56.089Z,NODE1,landslide,WARNING,73,-61,9.75,214532
2026-10-04T20:20:59.790Z,FIRE01,fire,SAFE,182,-88,7.75,218253
2026-10-04T20:21:03.672Z,NODE1,landslide,WARNING,74,-61,9.5,222088
2026-10-04T20:21:03.999Z,FIRE01,fire,SAFE,183,-87,8.25,222462
2026-10-04T20:21:08.183Z,FIRE01,fire,SAFE,184,-88,7.75,226625
2026-10-04T20:21:11.211Z,NODE1,landslide,SAFE,75,-62,9.25,229623
2026-10-04T20:21:12.726Z,FIRE01,fire,SAFE,185,-88,7.75,231186
2026-10-04T20:21:16.915Z,FIRE01,fire,SAFE,186,-88,8,235371
2026-10-04T20:21:19.874Z,NODE1,landslide,SAFE,76,-62,9.75,238215
2026-10-04T20:21:21.065Z,FIRE01,fire,SAFE,187,-89,7.5,239528
2026-10-04T20:21:25.329Z,FIRE01,fire,SAFE,188,-88,7.5,243787
2026-10-04T20:21:27.304Z,NODE1,landslide,SAFE,77,-59,9.75,245751
2026-10-04T20:21:29.946Z,FIRE01,fire,SAFE,189,-89,7.25,248410
2026-10-04T20:21:34.842Z,NODE1,landslide,SAFE,78,-61,9.75,253287
2026-10-04T20:21:39.211Z,FIRE01,fire,SAFE,191,-88,7.5,257585
2026-10-04T20:21:42.380Z,NODE1,landslide,SAFE,79,-63,9.5,260823
2026-10-04T20:21:44.124Z,FIRE01,fire,SAFE,192,-88,7.5,262589
2026-10-04T20:21:48.684Z,FIRE01,fire,SAFE,193,-88,7.5,267139
2026-10-04T20:21:49.911Z,NODE1,landslide,SAFE,80,-62,9.5,268359
2026-10-04T20:21:53.722Z,FIRE01,fire,SAFE,194,-87,8.25,272181
2026-10-04T20:21:57.456Z,NODE1,landslide,SAFE,81,-60,9.75,275895
2026-10-04T20:21:58.432Z,FIRE01,fire,SAFE,195,-87,7.75,276898
2026-10-04T20:22:03.237Z,FIRE01,fire,SAFE,196,-88,8.5,281697
2026-10-04T20:22:04.982Z,NODE1,landslide,SAFE,82,-61,9.75,283431
2026-10-04T20:22:08.299Z,FIRE01,fire,SAFE,197,-88,7.75,286758
2026-10-04T20:22:12.518Z,NODE1,landslide,SAFE,83,-62,9.5,290967
2026-10-04T20:22:13.193Z,FIRE01,fire,SAFE,198,-88,8.25,291660
2026-10-04T20:22:18.005Z,FIRE01,fire,SAFE,199,-89,8,296448
2026-10-04T20:22:18.998Z,NODE1,landslide,SAFE,84,-62,9.75,297448
2026-10-04T20:22:22.691Z,FIRE01,fire,SAFE,200,-89,7.5,301158
2026-10-04T20:22:26.534Z,NODE1,landslide,SAFE,85,-60,9.5,304984
2026-10-04T20:22:26.808Z,FIRE01,fire,SAFE,201,-88,7.5,305274
2026-10-04T20:22:31.605Z,FIRE01,fire,SAFE,202,-88,8,310065
2026-10-04T20:22:34.083Z,NODE1,landslide,SAFE,86,-61,10,312520
2026-10-04T20:22:35.912Z,FIRE01,fire,SAFE,203,-88,7.75,314379
2026-10-04T20:22:40.023Z,FIRE01,fire,SAFE,204,-89,7.5,318482
2026-10-04T20:22:41.606Z,NODE1,landslide,SAFE,87,-60,9.25,320056
2026-10-04T20:22:44.458Z,FIRE01,fire,SAFE,205,-88,7.75,322925
2026-10-04T20:22:49.160Z,NODE1,landslide,SAFE,88,-60,9.75,327592
2026-10-04T20:22:49.259Z,FIRE01,fire,SAFE,206,-89,7.75,327726
2026-10-04T20:22:54.346Z,FIRE01,fire,SAFE,207,-89,7.5,332805
2026-10-04T20:22:56.930Z,NODE1,landslide,SAFE,89,-60,9.5,335128
2026-10-04T20:22:58.666Z,FIRE01,fire,SAFE,208,-89,8,337133
2026-10-04T20:23:03.352Z,FIRE01,fire,SAFE,209,-88,7.75,341819
2026-10-04T20:23:04.214Z,NODE1,landslide,SAFE,90,-60,10.25,342664
2026-10-04T20:23:07.757Z,FIRE01,fire,SAFE,210,-89,7.25,346224
2026-10-04T20:23:10.696Z,NODE1,landslide,SAFE,91,-60,9.5,349145
2026-10-04T20:23:12.171Z,FIRE01,fire,DANGER,211,-89,7.5,350639
2026-10-04T20:23:16.677Z,FIRE01,fire,DANGER,212,-88,7.5,355102
2026-10-04T20:23:17.175Z,NODE1,landslide,SAFE,92,-59,10.25,355626
2026-10-04T20:23:21.022Z,FIRE01,fire,DANGER,213,-87,8,359450
2026-10-04T20:23:24.712Z,NODE1,landslide,SAFE,93,-60,9.5,363162
2026-10-04T20:23:25.384Z,FIRE01,fire,SAFE,214,-87,8.5,363853
2026-10-04T20:23:30.177Z,FIRE01,fire,SAFE,215,-87,8,368629
2026-10-04T20:23:33.304Z,NODE1,landslide,SAFE,94,-61,10,371753
2026-10-04T20:23:34.667Z,FIRE01,fire,SAFE,216,-87,7.75,373136
2026-10-04T20:23:38.814Z,FIRE01,fire,SAFE,217,-87,8,377282
2026-10-04T20:23:39.785Z,NODE1,landslide,SAFE,95,-61,9.5,378234
2026-10-04T20:23:43.776Z,FIRE01,fire,SAFE,218,-87,8,382246
2026-10-04T20:23:47.318Z,NODE1,landslide,SAFE,96,-60,9.5,385770
2026-10-04T20:23:48.396Z,FIRE01,fire,SAFE,219,-87,9,386865
2026-10-04T20:23:53.455Z,FIRE01,fire,SAFE,220,-86,7.75,391924
2026-10-04T20:23:53.799Z,NODE1,landslide,SAFE,97,-61,9.25,392251
2026-10-04T20:23:58.155Z,FIRE01,fire,SAFE,221,-86,8.25,396628
2026-10-04T20:24:03.002Z,FIRE01,fire,SAFE,222,-86,8.5,401476
2026-10-04T20:24:07.825Z,FIRE01,fire,SAFE,223,-86,8.25,406296
2026-10-04T20:24:09.921Z,NODE1,landslide,SAFE,99,-60,10,408378
2026-10-04T20:24:12.235Z,FIRE01,fire,SAFE,224,-84,8.5,410711
2026-10-04T20:24:17.339Z,FIRE01,fire,SAFE,225,-85,8.25,415747
2026-10-04T20:24:22.275Z,FIRE01,fire,SAFE,226,-84,8.75,420746
2026-10-04T20:24:23.783Z,NODE1,landslide,SAFE,101,-60,10.25,422240
2026-10-04T20:24:27.335Z,FIRE01,fire,SAFE,227,-86,8.25,425810
2026-10-04T20:24:31.331Z,NODE1,landslide,SAFE,102,-60,12.5,429776
2026-10-04T20:24:32.412Z,FIRE01,fire,SAFE,228,-86,8,430886
2026-10-04T20:24:36.957Z,FIRE01,fire,SAFE,229,-86,8.5,435433
2026-10-04T20:24:38.706Z,NODE1,landslide,SAFE,103,-59,10.25,437164
2026-10-04T20:24:41.683Z,FIRE01,fire,SAFE,230,-86,8.5,440159
2026-10-04T20:24:45.187Z,NODE1,landslide,SAFE,104,-59,9.75,443645
2026-10-04T20:24:45.813Z,FIRE01,fire,SAFE,231,-85,8.75,444289
2026-10-04T20:24:50.141Z,FIRE01,fire,SAFE,232,-84,9.5,448617
2026-10-04T20:24:52.723Z,NODE1,landslide,SAFE,105,-60,10.25,451181
2026-10-04T20:24:54.773Z,FIRE01,fire,SAFE,233,-85,8.75,453249
2026-10-04T20:24:59.492Z,FIRE01,fire,SAFE,234,-85,8.5,457966
2026-10-04T20:25:00.114Z,NODE1,landslide,SAFE,106,-59,10.5,458569
2026-10-04T20:25:03.942Z,FIRE01,fire,SAFE,235,-84,9,462415
2026-10-04T20:25:07.501Z,NODE1,landslide,SAFE,107,-61,10.25,465957
2026-10-04T20:25:08.052Z,FIRE01,fire,SAFE,236,-84,9.25,466526
2026-10-04T20:25:12.615Z,FIRE01,fire,SAFE,237,-87,7.75,471064
2026-10-04T20:25:15.037Z,NODE1,landslide,SAFE,108,-60,9.25,473493
2026-10-04T20:25:17.467Z,FIRE01,fire,SAFE,238,-86,8.25,475941
2026-10-04T20:25:21.648Z,FIRE01,fire,SAFE,239,-87,8.25,480122
2026-10-04T20:25:22.573Z,NODE1,landslide,SAFE,109,-59,10,481029
2026-10-04T20:25:26.025Z,FIRE01,fire,SAFE,240,-88,7.75,484497
2026-10-04T20:25:30.109Z,NODE1,landslide,SAFE,110,-60,10,488565
2026-10-04T20:25:30.223Z,FIRE01,fire,SAFE,241,-88,8,488697
2026-10-04T20:25:35.040Z,FIRE01,fire,SAFE,242,-87,8.25,493496
2026-10-04T20:25:37.660Z,NODE1,landslide,SAFE,111,-60,10,496101
2026-10-04T20:25:40.002Z,FIRE01,fire,SAFE,243,-87,8,498472
2026-10-04T20:25:44.029Z,NODE1,landslide,SAFE,112,-61,9.75,502434
2026-10-04T20:25:44.719Z,FIRE01,fire,SAFE,244,-87,8.5,503194
2026-10-04T20:25:49.847Z,FIRE01,fire,SAFE,245,-87,8,508278
2026-10-04T20:25:50.458Z,NODE1,landslide,SAFE,113,-60,10.5,508915
2026-10-04T20:25:54.629Z,FIRE01,fire,SAFE,246,-87,8.25,513089
2026-10-04T20:25:56.942Z,NODE1,landslide,SAFE,114,-59,9.75,515396
2026-10-04T20:25:59.011Z,FIRE01,fire,SAFE,247,-88,8.25,517486
2026-10-04T20:26:03.935Z,FIRE01,fire,SAFE,248,-88,8,522414
2026-10-04T20:26:04.321Z,NODE1,landslide,SAFE,115,-60,9.75,522783
2026-10-04T20:26:08.097Z,FIRE01,fire,SAFE,249,-87,8,526576
2026-10-04T20:26:11.857Z,NODE1,landslide,SAFE,116,-60,9.25,530319
2026-10-04T20:26:13.012Z,FIRE01,fire,SAFE,250,-87,8,531491
2026-10-04T20:26:17.353Z,FIRE01,fire,SAFE,251,-88,8,535828
2026-10-04T20:26:18.338Z,NODE1,landslide,SAFE,117,-60,9.75,536800
2026-10-04T20:26:22.121Z,FIRE01,fire,SAFE,252,-88,7.75,540569
2026-10-04T20:26:26.610Z,FIRE01,fire,SAFE,253,-88,8,545090
2026-10-04T20:26:26.929Z,NODE1,landslide,SAFE,118,-60,9.5,545391
2026-10-04T20:26:31.055Z,FIRE01,fire,SAFE,254,-87,8.5,549531
2026-10-04T20:26:34.476Z,NODE1,landslide,SAFE,119,-59,9.5,552927
2026-10-04T20:26:35.352Z,FIRE01,fire,SAFE,255,-87,7.75,553832
2026-10-04T20:26:39.459Z,FIRE01,fire,SAFE,256,-87,8.25,557939
2026-10-04T20:26:40.797Z,NODE1,landslide,SAFE,120,-60,10.25,559259
2026-10-04T20:26:44.341Z,FIRE01,fire,SAFE,257,-88,8.5,562796
2026-10-04T20:26:47.145Z,NODE1,landslide,SAFE,121,-60,9.75,565591
2026-10-04T20:26:48.486Z,FIRE01,fire,SAFE,258,-88,8,566967
2026-10-04T20:26:52.993Z,FIRE01,fire,SAFE,259,-87,8.5,571472
2026-10-04T20:26:54.515Z,NODE1,landslide,SAFE,122,-60,9.5,572978
2026-10-04T20:26:57.696Z,FIRE01,fire,SAFE,260,-88,8.25,576175
2026-10-04T20:27:02.051Z,NODE1,landslide,SAFE,123,-61,10,580514
2026-10-04T20:27:02.168Z,FIRE01,fire,SAFE,261,-88,7.5,580650
2026-10-04T20:27:09.630Z,NODE1,landslide,SAFE,124,-60,10.25,588050
2026-10-04T20:27:11.406Z,FIRE01,fire,DANGER,263,-88,8.25,589883
2026-10-04T20:27:16.075Z,NODE1,landslide,SAFE,125,-60,10.25,594531
2026-10-04T20:27:16.233Z,FIRE01,fire,SAFE,264,-87,7.75,594709
2026-10-04T20:27:20.414Z,FIRE01,fire,SAFE,265,-88,8.25,598890
2026-10-04T20:27:23.642Z,NODE1,landslide,SAFE,126,-61,9.75,602067
2026-10-04T20:27:24.814Z,FIRE01,fire,SAFE,266,-86,8.5,603291
2026-10-04T20:27:29.886Z,FIRE01,fire,SAFE,267,-88,8,608297
2026-10-04T20:27:31.143Z,NODE1,landslide,SAFE,127,-61,10,609603
2026-10-04T20:27:34.755Z,FIRE01,fire,SAFE,268,-87,8.25,613233
2026-10-04T20:27:39.481Z,FIRE01,fire,SAFE,269,-88,7.5,617954
2026-10-04T20:27:44.010Z,FIRE01,fire,SAFE,270,-88,7.75,622432
2026-10-04T20:27:46.066Z,NODE1,landslide,SAFE,129,-60,9.5,624526
2026-10-04T20:27:48.227Z,FIRE01,fire,SAFE,271,-88,8.75,626705
2026-10-04T20:27:52.821Z,FIRE01,fire,SAFE,272,-88,10,631234
2026-10-04T20:27:54.657Z,NODE1,landslide,SAFE,130,-60,10.25,633117
2026-10-04T20:27:57.241Z,FIRE01,fire,DANGER,273,-86,8.25,635672
2026-10-04T20:28:01.641Z,FIRE01,fire,SAFE,274,-87,8.25,640072
2026-10-04T20:28:02.041Z,NODE1,landslide,SAFE,131,-60,9.75,640502
2026-10-04T20:28:06.071Z,FIRE01,fire,DANGER,275,-88,8.5,644507
2026-10-04T20:28:09.635Z,NODE1,landslide,SAFE,132,-60,10.25,648038
2026-10-04T20:28:10.769Z,FIRE01,fire,DANGER,276,-87,8.5,649247
2026-10-04T20:28:15.720Z,FIRE01,fire,SAFE,277,-87,8.25,654136
2026-10-04T20:28:18.213Z,NODE1,landslide,SAFE,133,-60,9.5,656629
2026-10-04T20:28:20.337Z,FIRE01,fire,SAFE,278,-88,7.75,658816
2026-10-04T20:28:25.326Z,FIRE01,fire,SAFE,279,-88,8.25,663800
2026-10-04T20:28:25.554Z,NODE1,landslide,SAFE,134,-60,9.75,664016
2026-10-04T20:28:29.629Z,FIRE01,fire,SAFE,280,-87,8.25,668018
2026-10-04T20:28:32.035Z,NODE1,landslide,SAFE,135,-63,10.25,670497
2026-10-04T20:28:33.906Z,FIRE01,fire,SAFE,281,-89,7.75,672385
2026-10-04T20:28:38.522Z,NODE1,landslide,SAFE,136,-62,9.75,676983
2026-10-04T20:28:38.952Z,FIRE01,fire,SAFE,282,-89,7.25,677432
2026-10-04T20:28:44.065Z,FIRE01,fire,SAFE,283,-89,7.5,682511
2026-10-04T20:28:46.062Z,NODE1,landslide,SAFE,137,-62,9.75,684524
2026-10-04T20:28:48.198Z,FIRE01,fire,SAFE,284,-89,7.25,686678
2026-10-04T20:28:52.591Z,NODE1,landslide,SAFE,138,-62,9.75,691005
2026-10-04T20:28:53.246Z,FIRE01,fire,SAFE,285,-89,7.5,691726
2026-10-04T20:28:58.315Z,FIRE01,fire,SAFE,286,-89,7.5,696779
2026-10-04T20:29:00.084Z,NODE1,landslide,SAFE,139,-62,9.5,698546
2026-10-04T20:29:03.242Z,FIRE01,fire,SAFE,287,-87,8,701723
2026-10-04T20:29:06.418Z,NODE1,landslide,SAFE,140,-62,10,704880
2026-10-04T20:29:07.789Z,FIRE01,fire,DANGER,288,-87,8.25,706269
2026-10-04T20:29:12.878Z,FIRE01,fire,DANGER,289,-87,7.5,711335
2026-10-04T20:29:13.807Z,NODE1,landslide,SAFE,141,-62,10,712271
2026-10-04T20:29:17.803Z,FIRE01,fire,SAFE,290,-87,8.25,716197
2026-10-04T20:29:21.365Z,NODE1,landslide,SAFE,142,-62,9.75,719812
2026-10-04T20:29:22.050Z,FIRE01,fire,SAFE,291,-87,8.25,720532
2026-10-04T20:29:26.666Z,FIRE01,fire,SAFE,292,-88,8,725135
2026-10-04T20:29:28.888Z,NODE1,landslide,SAFE,143,-62,10,727353
2026-10-04T20:29:31.524Z,FIRE01,fire,SAFE,293,-88,7.75,729997
2026-10-04T20:29:35.764Z,FIRE01,fire,SAFE,294,-88,7.75,734243
2026-10-04T20:29:36.276Z,NODE1,landslide,SAFE,144,-63,12.25,734741
2026-10-04T20:29:40.127Z,FIRE01,fire,SAFE,295,-88,8,738609
2026-10-04T20:29:43.833Z,NODE1,landslide,DANGER,145,-64,9.75,742298
2026-10-04T20:29:45.166Z,FIRE01,fire,SAFE,296,-86,8.25,743649
2026-10-04T20:29:50.113Z,FIRE01,fire,SAFE,297,-87,8.25,748527
2026-10-04T20:29:50.335Z,NODE1,landslide,DANGER,146,-64,9.5,748799
2026-10-04T20:29:55.025Z,FIRE01,fire,SAFE,298,-87,9.75,753462
2026-10-04T20:29:56.835Z,NODE1,landslide,WARNING,147,-65,9.5,755300
2026-10-04T20:29:59.743Z,FIRE01,fire,SAFE,299,-87,8.75,758205
2026-10-04T20:30:09.055Z,FIRE01,fire,SAFE,301,-88,8,767539
2026-10-04T20:30:11.785Z,NODE1,landslide,WARNING,149,-64,9.5,770248
2026-10-04T20:30:13.224Z,FIRE01,fire,SAFE,302,-91,6.25,771709
2026-10-04T20:30:17.852Z,FIRE01,fire,SAFE,303,-90,7,776336
2026-10-04T20:30:18.267Z,NODE1,landslide,SAFE,150,-63,9.5,776733
2026-10-04T20:30:22.835Z,FIRE01,fire,SAFE,304,-90,6.75,781318
2026-10-04T20:30:24.753Z,NODE1,landslide,SAFE,151,-63,10,783219
2026-10-04T20:30:26.940Z,FIRE01,fire,SAFE,305,-90,7,785422
2026-10-04T20:30:32.294Z,NODE1,landslide,SAFE,152,-63,9.5,790760
2026-10-04T20:30:35.687Z,FIRE01,fire,SAFE,307,-90,7.25,794172
2026-10-04T20:30:39.855Z,NODE1,landslide,SAFE,153,-63,9.75,798301
2026-10-04T20:30:40.440Z,FIRE01,fire,SAFE,308,-90,7,798926
2026-10-04T20:30:44.750Z,FIRE01,fire,SAFE,309,-90,7,803201
2026-10-04T20:30:47.247Z,NODE1,landslide,SAFE,154,-63,9.75,805689
2026-10-04T20:30:48.932Z,FIRE01,fire,SAFE,310,-85,8.75,807418
2026-10-04T20:30:53.203Z,FIRE01,fire,SAFE,311,-87,8.5,811600
2026-10-04T20:30:54.763Z,NODE1,landslide,SAFE,155,-63,10,813231
2026-10-04T20:30:58.142Z,FIRE01,fire,SAFE,312,-88,7.75,816623
2026-10-04T20:31:02.304Z,NODE1,landslide,SAFE,156,-63,9.25,820772
2026-10-04T20:31:02.705Z,FIRE01,fire,SAFE,313,-87,8,821191
2026-10-04T20:31:07.381Z,FIRE01,fire,SAFE,314,-88,7.75,825847
2026-10-04T20:31:09.691Z,NODE1,landslide,SAFE,157,-64,9.75,828159
2026-10-04T20:31:12.338Z,FIRE01,fire,SAFE,315,-86,8.25,830771
2026-10-04T20:31:16.821Z,FIRE01,fire,SAFE,316,-87,8.25,835271
2026-10-04T20:31:17.233Z,NODE1,landslide,SAFE,158,-63,9.25,835700
2026-10-04T20:31:21.880Z,FIRE01,fire,SAFE,317,-87,8,840364
2026-10-04T20:31:24.774Z,NODE1,landslide,SAFE,159,-63,9.25,843241
2026-10-04T20:31:26.571Z,FIRE01,fire,SAFE,318,-87,8.25,845055
2026-10-04T20:31:32.161Z,NODE1,landslide,SAFE,160,-63,9.25,850628
2026-10-04T20:31:36.495Z,FIRE01,fire,SAFE,320,-88,7.75,854930
2026-10-04T20:31:38.646Z,NODE1,landslide,SAFE,161,-63,10,857114
2026-10-04T20:31:41.347Z,FIRE01,fire,SAFE,321,-88,8.25,859833
2026-10-04T20:31:45.914Z,FIRE01,fire,SAFE,322,-88,8,864400
2026-10-04T20:31:46.187Z,NODE1,landslide,SAFE,162,-63,9.75,864655
2026-10-04T20:31:50.157Z,FIRE01,fire,SAFE,323,-87,7.75,868642
2026-10-04T20:31:52.520Z,NODE1,landslide,SAFE,163,-64,9.75,870988
2026-10-04T20:31:54.439Z,FIRE01,fire,SAFE,324,-88,8,872925
2026-10-04T20:31:58.859Z,NODE1,landslide,SAFE,164,-62,9.75,877321
2026-10-04T20:32:03.133Z,FIRE01,fire,SAFE,326,-87,8.25,881604
2026-10-04T20:32:05.340Z,NODE1,landslide,SAFE,165,-63,9.75,883807
2026-10-04T20:32:07.796Z,FIRE01,fire,DANGER,327,-87,7.75,886266
2026-10-04T20:32:11.909Z,FIRE01,fire,DANGER,328,-87,8.25,890392
2026-10-04T20:32:13.934Z,NODE1,landslide,SAFE,166,-63,10,892403
2026-10-04T20:32:17.022Z,FIRE01,fire,DANGER,329,-87,8.25,895462
2026-10-04T20:32:21.477Z,NODE1,landslide,SAFE,167,-63,10,899944
2026-10-04T20:32:21.805Z,FIRE01,fire,SAFE,330,-87,8.25,900291
2026-10-04T20:32:29.017Z,NODE1,landslide,SAFE,168,-66,10.5,907485
2026-10-04T20:32:30.970Z,FIRE01,fire,SAFE,332,-87,8,909455
2026-10-04T20:32:39.944Z,FIRE01,fire,SAFE,334,-88,8.25,918431
2026-10-04T20:32:43.043Z,NODE1,landslide,SAFE,170,-64,9.5,921512
2026-10-04T20:32:44.541Z,FIRE01,fire,SAFE,335,-87,8,923028
2026-10-04T20:32:49.221Z,FIRE01,fire,SAFE,336,-87,8,927708
2026-10-04T20:32:53.541Z,FIRE01,fire,SAFE,337,-87,8.5,932027
2026-10-04T20:32:58.594Z,FIRE01,fire,SAFE,338,-87,8,937067
2026-10-04T20:32:59.179Z,NODE1,landslide,SAFE,172,-64,9.5,937649
2026-10-04T20:33:02.950Z,FIRE01,fire,SAFE,339,-87,8,941343
2026-10-04T20:33:06.676Z,NODE1,landslide,SAFE,173,-64,9.5,945134
2026-10-04T20:33:07.204Z,FIRE01,fire,SAFE,340,-87,7.5,945691
2026-10-04T20:33:11.663Z,FIRE01,fire,SAFE,341,-87,8,950144
2026-10-04T20:33:13.151Z,NODE1,landslide,SAFE,174,-64,9.75,951620
2026-10-04T20:33:16.198Z,FIRE01,fire,SAFE,342,-87,8.5,954684
2026-10-04T20:33:20.719Z,NODE1,landslide,SAFE,175,-63,9.5,959161
2026-10-04T20:33:20.845Z,FIRE01,fire,SAFE,343,-88,8.5,959335
2026-10-04T20:33:25.326Z,FIRE01,fire,SAFE,344,-88,8,963807
2026-10-04T20:33:28.243Z,NODE1,landslide,SAFE,176,-63,9.5,966702
2026-10-04T20:33:30.375Z,FIRE01,fire,SAFE,345,-88,7.5,968866
2026-10-04T20:33:34.728Z,NODE1,landslide,SAFE,177,-63,9.25,973188
2026-10-04T20:33:35.196Z,FIRE01,fire,SAFE,346,-88,7.5,973687
2026-10-04T20:33:40.022Z,FIRE01,fire,SAFE,347,-87,7.75,978476
2026-10-04T20:33:42.257Z,NODE1,landslide,SAFE,178,-64,10,980729
2026-10-04T20:33:44.976Z,FIRE01,fire,SAFE,348,-88,8,983468
2026-10-04T20:33:54.510Z,FIRE01,fire,SAFE,350,-88,7.5,992943
2026-10-04T20:33:57.345Z,NODE1,landslide,SAFE,180,-64,9.25,995811
2026-10-04T20:33:58.637Z,FIRE01,fire,SAFE,351,-88,7.75,997128
2026-10-04T20:34:03.363Z,FIRE01,fire,SAFE,352,-88,7.75,1001848
2026-10-04T20:34:03.674Z,NODE1,landslide,SAFE,181,-64,9.5,1002147
2026-10-04T20:34:08.489Z,FIRE01,fire,SAFE,353,-88,8,1006912
2026-10-04T20:34:11.216Z,NODE1,landslide,SAFE,182,-63,9.5,1009688
2026-10-04T20:34:12.590Z,FIRE01,fire,SAFE,354,-89,7.25,1011082
2026-10-04T20:34:16.856Z,FIRE01,fire,DANGER,355,-88,8,1015346
2026-10-04T20:34:18.755Z,NODE1,landslide,SAFE,183,-63,10,1017229
2026-10-04T20:34:21.715Z,FIRE01,fire,DANGER,356,-87,8.25,1020180
2026-10-04T20:34:26.292Z,NODE1,landslide,SAFE,184,-63,9.25,1024770
2026-10-04T20:34:26.684Z,FIRE01,fire,DANGER,357,-87,8.25,1025187
2026-10-04T20:34:31.505Z,FIRE01,fire,DANGER,358,-87,8,1029980
2026-10-04T20:34:33.826Z,NODE1,landslide,SAFE,185,-63,9.5,1032311
2026-10-04T20:34:36.316Z,FIRE01,fire,DANGER,359,-88,9.75,1034815
2026-10-04T20:34:41.368Z,NODE1,landslide,SAFE,186,-63,10,1039852
2026-10-04T20:34:45.601Z,FIRE01,fire,DANGER,361,-87,8.25,1044063
2026-10-04T20:34:48.907Z,NODE1,landslide,SAFE,187,-63,9.75,1047393
2026-10-04T20:34:50.019Z,FIRE01,fire,DANGER,362,-87,7.75,1048523
2026-10-04T20:34:55.102Z,FIRE01,fire,DANGER,363,-88,7.75,1053604
2026-10-04T20:34:57.504Z,NODE1,landslide,SAFE,188,-63,9.5,1055989
2026-10-04T20:35:00.023Z,FIRE01,fire,DANGER,364,-87,8,1058526
2026-10-04T20:35:05.087Z,NODE1,landslide,SAFE,189,-61,9.5,1063530
2026-10-04T20:35:09.989Z,FIRE01,fire,DANGER,366,-87,8.5,1068460
2026-10-04T20:35:12.585Z,NODE1,landslide,SAFE,190,-63,10.5,1071071
2026-10-04T20:35:14.822Z,FIRE01,fire,DANGER,367,-88,8,1073326
2026-10-04T20:35:19.224Z,FIRE01,fire,DANGER,368,-87,7.5,1077714
2026-10-04T20:35:20.126Z,NODE1,landslide,SAFE,191,-63,10,1078612
2026-10-04T20:35:24.006Z,FIRE01,fire,SAFE,369,-88,7.75,1082502
2026-10-04T20:35:27.704Z,NODE1,landslide,SAFE,192,-63,10.25,1086153
2026-10-04T20:35:28.170Z,FIRE01,fire,DANGER,370,-84,9,1086668
2026-10-04T20:35:32.829Z,FIRE01,fire,DANGER,371,-87,8,1091327
2026-10-04T20:35:35.213Z,NODE1,landslide,SAFE,193,-63,10,1093694
2026-10-04T20:35:37.376Z,FIRE01,fire,DANGER,372,-88,7.75,1095871
