timestamp,gw_ms,fields,rssi,snr
2026-10-04T20:43:19.195Z,12591,2,-100,-12.25
2026-10-04T20:45:41.374Z,154767,1,-104,-11.75
2026-10-04T20:50:27.563Z,440976,1,-100,-12.50
2026-10-04T20:52:10.549Z,543936,1,-101,-13.00
2026-10-04T20:53:45.012Z,638421,1,-101,-12.25
2026-10-04T20:56:33.656Z,806983,2,-101,-12.25
2026-10-04T20:58:52.270Z,945701,1,-100,-12.50
2026-10-04T21:00:55.602Z,1069026,1,-101,-12.00
2026-10-04T21:01:48.523Z,1121948,1,-100,-13.00
2026-10-04T21:03:40.213Z,1233640,2,-101,-12.25
2026-10-04T21:06:23.411Z,1396843,1,-104,-13.00
2026-10-04T21:07:19.575Z,1453010,1,-103,-13.25
2026-10-04T21:11:08.699Z,1682141,2,-102,-12.25
2026-10-04T21:12:31.365Z,1764810,2,-102,-12.50
2026-10-04T21:13:04.468Z,1797912,1,-102,-12.25
2026-10-04T21:14:44.014Z,1897463,1,-103,-13.00
2026-10-04T21:15:10.458Z,1923907,1,-106,-12.75
2026-10-04T21:16:43.910Z,2017367,1,-102,-12.25
2026-10-04T21:17:04.509Z,2037966,2,-101,-12.25
2026-10-04T21:23:51.936Z,2445404,1,-102,-13.25
2026-10-04T21:27:06.076Z,2639555,1,-105,-12.25
2026-10-04T21:28:51.992Z,2745470,1,-105,-12.50
2026-10-04T21:32:15.692Z,2949176,1,-102,-12.75
2026-10-04T21:37:27.772Z,3261267,2,-103,-11.75
2026-10-04T21:38:24.013Z,3317510,1,-101,-12.25
